source,output,status
625879863_18069779144181049_9045132785030256381_n.jpg,625879863_18069779144181049_9045132785030256381_n.png,ok
658440171_17957641596096811_554419772804128871_n.webp,658440171_17957641596096811_554419772804128871_n.png,ok
658823839_17922029391279305_7697281077470648448_n.webp,658823839_17922029391279305_7697281077470648448_n.png,ok
658823839_17922029463279305_3795555976894299826_n.webp,658823839_17922029463279305_3795555976894299826_n.png,ok
658907022_17959686822112736_7611015842943332708_n.jpg,658907022_17959686822112736_7611015842943332708_n.png,ok
659111666_17909789088371159_4608364116179996658_n.jpg,659111666_17909789088371159_4608364116179996658_n.png,ok_bg_removed
659598735_17953104414114698_5776119305042639578_n.webp,659598735_17953104414114698_5776119305042639578_n.png,ok
659727552_17957317479110613_3569091857351430438_n.jpg,659727552_17957317479110613_3569091857351430438_n.png,ok
659758087_17952283320118158_2460975877498514221_n.jpg,659758087_17952283320118158_2460975877498514221_n.png,ok
659965257_17957641548096811_5386357264858317418_n.webp,659965257_17957641548096811_5386357264858317418_n.png,ok
660046096_17948231754131242_4616194828686369486_n.jpg,660046096_17948231754131242_4616194828686369486_n.png,ok
660071922_17948231772131242_5218299071138155564_n.jpg,660071922_17948231772131242_5218299071138155564_n.png,ok
660437267_17959082355103972_269679751987352663_n.jpg,660437267_17959082355103972_269679751987352663_n.png,ok
661328181_17948231733131242_6262163778407759220_n.jpg,661328181_17948231733131242_6262163778407759220_n.png,ok_bg_removed
Gemini_Generated_Image_7mces47mces47mce.png,Gemini_Generated_Image_7mces47mces47mce.png,ok_bg_removed
Gemini_Generated_Image_wyozhtwyozhtwyoz.png,Gemini_Generated_Image_wyozhtwyozhtwyoz.png,ok_bg_removed
Screenshot 2026-05-07 at 15.32.35.png,Screenshot 2026-05-07 at 15.32.35.png,ok_bg_removed
Screenshot 2026-05-07 at 15.32.44.png,Screenshot 2026-05-07 at 15.32.44.png,ok_bg_removed
Screenshot 2026-05-07 at 15.32.55.png,Screenshot 2026-05-07 at 15.32.55.png,ok_bg_removed
Screenshot 2026-05-07 at 15.33.07.png,Screenshot 2026-05-07 at 15.33.07.png,ok
Screenshot 2026-05-07 at 15.33.24.png,Screenshot 2026-05-07 at 15.33.24.png,ok_bg_removed
Screenshot 2026-05-07 at 15.33.52.png,Screenshot 2026-05-07 at 15.33.52.png,ok_bg_removed
Screenshot 2026-05-07 at 15.34.24.png,Screenshot 2026-05-07 at 15.34.24.png,ok_bg_removed
Screenshot 2026-05-07 at 15.34.36.png,Screenshot 2026-05-07 at 15.34.36.png,ok_bg_removed
Screenshot 2026-05-07 at 15.34.51.png,Screenshot 2026-05-07 at 15.34.51.png,ok_bg_removed
Screenshot 2026-05-07 at 15.35.32.png,Screenshot 2026-05-07 at 15.35.32.png,ok
Screenshot 2026-05-07 at 15.36.25.png,Screenshot 2026-05-07 at 15.36.25.png,ok_bg_removed
funny balck barbie 2.jpg,funny balck barbie 2.png,ok
funny balck barbie 4.jpg,funny balck barbie 4.png,ok
funny black barbie 1.jpg,funny black barbie 1.png,ok
funny black barbie 3.jpg,funny black barbie 3.png,ok
funny black barbie 5.jpg,funny black barbie 5.png,ok
funny black barbie 6.jpg,funny black barbie 6.png,ok_bg_removed
funny black barbie 7.webp,funny black barbie 7.png,ok_bg_removed
funny black barbie 9.jpg,funny black barbie 9.png,ok_bg_removed
"i_m_pid_1918,c_s_auto,bc_ffffff,s_313,q_90.jpg","i_m_pid_1918,c_s_auto,bc_ffffff,s_313,q_90.png",ok_bg_removed
"st,small,507x507-pad,600x600,f8f8f8.jpg","st,small,507x507-pad,600x600,f8f8f8.png",ok_bg_removed
